{"training_loss": 1.8808308839797974, "training_accuracy": 1.0, "_timestamp": 1651210826, "_runtime": 121, "_step": 501, "validation_loss": 1.9543341398239136, "validation_accuracy": 0.0, "_wandb": {"runtime": 121}}