{"training_loss": 1.554292917251587, "training_accuracy": 0.6106014251708984, "_timestamp": 1651225162, "_runtime": 788, "_step": 23, "validation_loss": 0.0003392786893527955, "validation_accuracy": 0.0002911208139266819}