{"training_loss": 1.1661194562911987, "training_accuracy": 1.0, "_timestamp": 1651210294, "_runtime": 201, "_step": 24999, "validation_loss": 1.1654239892959595, "validation_accuracy": 1.0, "_wandb": {"runtime": 200}}